Task,Accuracy,Precision,Recall,F1 Score
Age,0.5,0.25,0.5,0.3333333333333333
Gender,0.75,0.8333333333333333,0.75,0.7333333333333334
Expression,0.7,0.8125,0.7,0.6703296703296704
